{
  "version": 1,
  "author": "Anonymous maker",
  "editor": "wokwi",
  "parts": [
    {
      "type": "wokwi-breadboard",
      "id": "bb1",
      "top": -367.8,
      "left": -381.2,
      "attrs": { "color": "#eeefed" }
    },
    { "type": "board-esp32-devkit-c-v4", "id": "esp", "top": -19.2, "left": -52.76, "attrs": {} },
    { "type": "wokwi-dht22", "id": "dht1", "top": -364.5, "left": -34.2, "attrs": {} },
    { "type": "wokwi-junction", "id": "j1", "top": -100.8, "left": -72, "attrs": {} },
    {
      "type": "wokwi-resistor",
      "id": "r1",
      "top": -130.15,
      "left": -39.8,
      "rotate": 180,
      "attrs": { "value": "1000" }
    }
  ],
  "connections": [
    [ "esp:TX", "$serialMonitor:RX", "", [] ],
    [ "esp:RX", "$serialMonitor:TX", "", [] ],
    [ "esp:3V3", "bb1:bp.26", "red", [ "h0" ] ],
    [ "esp:GND.2", "bb1:bn.35", "black", [ "v0" ] ],
    [ "dht1:GND", "bb1:bn.31", "black", [ "v0" ] ],
    [ "dht1:VCC", "bb1:36b.f", "", [ "$bb" ] ],
    [ "dht1:SDA", "bb1:37b.f", "", [ "$bb" ] ],
    [ "dht1:NC", "bb1:38b.f", "", [ "$bb" ] ],
    [ "dht1:GND", "bb1:39b.f", "", [ "$bb" ] ],
    [ "bb1:bp.29", "bb1:36b.j", "red", [ "v0" ] ],
    [ "bb1:37b.j", "r1:1", "green", [ "v0" ] ],
    [ "bb1:bp.28", "r1:2", "green", [ "v0" ] ],
    [ "dht1:SDA", "esp:4", "green", [ "v48", "h336.1", "v240" ] ]
  ],
  "dependencies": {}
}